{"cameraMode":{"drawMode":0,"name":"Shaded","section":"Shading Mode"},"sceneLighting":true,"audioPlay":false,"sceneViewState":{"m_AlwaysRefresh":false,"showFog":true,"showSkybox":true,"showFlares":true,"showImageEffects":true,"showParticleSystems":true,"showVisualEffectGraphs":true,"m_FxEnabled":true},"in2DMode":false,"pivot":{"x":501.8380126953125,"y":140.2512969970703,"z":875.668212890625},"rotation":{"x":-0.004499764181673527,"y":-0.007805314846336842,"z":0.00003617486072471365,"w":-0.9999622702598572},"size":692.7332153320313,"orthographic":false}