{"cameraMode":{"drawMode":0,"name":"Shaded","section":"Shading Mode"},"sceneLighting":true,"audioPlay":false,"sceneViewState":{"m_AlwaysRefresh":false,"showFog":true,"showSkybox":true,"showFlares":true,"showImageEffects":true,"showParticleSystems":true,"showVisualEffectGraphs":true,"m_FxEnabled":true},"in2DMode":false,"pivot":{"x":483.4915771484375,"y":170.29998779296876,"z":0.194671630859375},"rotation":{"x":0.014902082271873951,"y":0.1137404590845108,"z":-0.0017062387196347118,"w":0.9933971762657166},"size":247.67259216308595,"orthographic":false}